{
  "train_metrics": {
    "mse": 0.489039820636584,
    "rmse": 0.6993138212823939,
    "mae": 0.5280412908545885,
    "mape": 3.5150258350698373,
    "r2": 0.5105206275088188,
    "max_error": 3.917037018084752,
    "median_absolute_error": 0.4039347544598068
  },
  "val_metrics": {
    "mse": 0.49067009790093913,
    "rmse": 0.7004784778285048,
    "mae": 0.5304831958004048,
    "mape": 3.501628564490754,
    "r2": 0.5134807739927087,
    "max_error": 3.7230237555025445,
    "median_absolute_error": 0.40678091075043965
  },
  "best_params": {
    "learning_rate": 0.1,
    "max_depth": 3,
    "n_estimators": 50,
    "subsample": 0.9
  }
}