{
  "train_metrics": {
    "mse": 0.7816511662369214,
    "rmse": 0.8841103812516407,
    "mae": 0.70294454674315,
    "mape": 3.346099736883111,
    "r2": 0.2176462811175287,
    "max_error": 4.235384060813307,
    "median_absolute_error": 0.5851749084457163
  },
  "val_metrics": {
    "mse": 0.7849122469935957,
    "rmse": 0.8859527340629384,
    "mae": 0.7076790537577837,
    "mape": 3.306571857803991,
    "r2": 0.22172779526486575,
    "max_error": 4.060986371022971,
    "median_absolute_error": 0.5914153856345465
  },
  "best_params": {
    "fit_intercept": true
  }
}