{
  "train_metrics": {
    "mse": 0.7816960714144666,
    "rmse": 0.8841357765719395,
    "mae": 0.7029550523556872,
    "mape": 3.340877703391499,
    "r2": 0.2176013355789469,
    "max_error": 4.244165570722251,
    "median_absolute_error": 0.5851009653040644
  },
  "val_metrics": {
    "mse": 0.78490255356445,
    "rmse": 0.8859472634217288,
    "mae": 0.7076439650949811,
    "mape": 3.2989524753986164,
    "r2": 0.22173740669149544,
    "max_error": 4.068753289467402,
    "median_absolute_error": 0.5911578865698323
  },
  "best_params": {
    "alpha": 100.0,
    "solver": "lsqr"
  }
}