{
  "train_metrics": {
    "mse": 0.7996695171903946,
    "rmse": 0.8942424264093013,
    "mae": 0.7101784119479577,
    "mape": 2.6443599252566083,
    "r2": 0.19961173516470343,
    "max_error": 4.271458281846875,
    "median_absolute_error": 0.5924943653150847
  },
  "val_metrics": {
    "mse": 0.8041958605382991,
    "rmse": 0.8967696808759198,
    "mae": 0.7158986380384267,
    "mape": 2.613778154349578,
    "r2": 0.2026073133432491,
    "max_error": 4.191209032013371,
    "median_absolute_error": 0.6015194783525548
  },
  "best_params": {
    "alpha": 0.1,
    "selection": "cyclic"
  }
}