{
  "train_metrics": {
    "mse": 0.7816954211151199,
    "rmse": 0.8841354088119759,
    "mae": 0.7029519347210583,
    "mape": 3.3454532028704747,
    "r2": 0.2176019864627865,
    "max_error": 4.244106268576406,
    "median_absolute_error": 0.5851702777118302
  },
  "val_metrics": {
    "mse": 0.7848885259782741,
    "rmse": 0.8859393466701172,
    "mae": 0.707632162130229,
    "mape": 3.303425249207325,
    "r2": 0.2217513156099281,
    "max_error": 4.0678027034369295,
    "median_absolute_error": 0.5911921625943308
  },
  "best_params": {
    "fit_intercept": true
  }
}