{
  "train_metrics": {
    "mse": 0.7816512123009014,
    "rmse": 0.8841104073026748,
    "mae": 0.7029450751403495,
    "mape": 3.345634791447844,
    "r2": 0.2176462350121462,
    "max_error": 4.235414488353576,
    "median_absolute_error": 0.5852209437815058
  },
  "val_metrics": {
    "mse": 0.7849118717501864,
    "rmse": 0.8859525222889691,
    "mae": 0.7076787057715345,
    "mape": 3.3060712910596246,
    "r2": 0.22172816733386658,
    "max_error": 4.060782768097004,
    "median_absolute_error": 0.5913946177450324
  },
  "best_params": {
    "alpha": 10.0,
    "solver": "lsqr"
  }
}