{
  "train_metrics": {
    "mse": 0.4909148901187362,
    "rmse": 0.700653188188519,
    "mae": 0.5306646771418913,
    "mape": 3.5232987866785495,
    "r2": 0.5086438727032357,
    "max_error": 3.9495495739335738,
    "median_absolute_error": 0.4039603931065567
  },
  "val_metrics": {
    "mse": 0.49160648459944084,
    "rmse": 0.7011465500160725,
    "mae": 0.5325530878327394,
    "mape": 3.5099522539977244,
    "r2": 0.5125523087494679,
    "max_error": 3.714810577252522,
    "median_absolute_error": 0.4057405791615666
  },
  "best_params": {
    "learning_rate": 0.1,
    "max_depth": 3,
    "n_estimators": 50,
    "subsample": 0.9
  }
}