{
  "train_metrics": {
    "mse": 0.4908117181180889,
    "rmse": 0.7005795587355436,
    "mae": 0.5291545572682638,
    "mape": 3.521206919153887,
    "r2": 0.5087471374354814,
    "max_error": 3.942166013742752,
    "median_absolute_error": 0.4043158269716309
  },
  "val_metrics": {
    "mse": 0.4913257979892062,
    "rmse": 0.7009463588529483,
    "mae": 0.5309458161864131,
    "mape": 3.4994442661330445,
    "r2": 0.5128306208637503,
    "max_error": 3.719177718649635,
    "median_absolute_error": 0.40907259097347326
  },
  "best_params": {
    "learning_rate": 0.1,
    "max_depth": 3,
    "n_estimators": 50,
    "num_leaves": 31
  }
}