{
  "train_metrics": {
    "mse": 0.4909399606259977,
    "rmse": 0.700671078770915,
    "mae": 0.5306004101704738,
    "mape": 3.5153043540761857,
    "r2": 0.5086187796624555,
    "max_error": 3.9140157881135664,
    "median_absolute_error": 0.4047845022394534
  },
  "val_metrics": {
    "mse": 0.4915641425094974,
    "rmse": 0.7011163544729915,
    "mae": 0.5325612020243247,
    "mape": 3.4965481486026313,
    "r2": 0.512594292642342,
    "max_error": 3.7234828146487624,
    "median_absolute_error": 0.40918686192205067
  },
  "best_params": {
    "learning_rate": 0.1,
    "max_depth": 3,
    "n_estimators": 50,
    "subsample": 0.8
  }
}