{
  "train_metrics": {
    "mse": 0.4891407656414835,
    "rmse": 0.6993859918825108,
    "mae": 0.5279681245452226,
    "mape": 3.5149655033431473,
    "r2": 0.5104195917739578,
    "max_error": 3.9242001141894334,
    "median_absolute_error": 0.40328335875836413
  },
  "val_metrics": {
    "mse": 0.49077422633739026,
    "rmse": 0.7005528005349706,
    "mae": 0.5304121345372308,
    "mape": 3.504194549197372,
    "r2": 0.5133775264409947,
    "max_error": 3.7281659333804344,
    "median_absolute_error": 0.4085499943353525
  },
  "best_params": {
    "learning_rate": 0.1,
    "max_depth": 3,
    "n_estimators": 50,
    "subsample": 0.8
  }
}