{
  "train_metrics": {
    "mse": 0.7996696157612634,
    "rmse": 0.8942424815234755,
    "mae": 0.7101784471355633,
    "mape": 2.6443589817788116,
    "r2": 0.1996116365052386,
    "max_error": 4.2714584284962624,
    "median_absolute_error": 0.5924941710095946
  },
  "val_metrics": {
    "mse": 0.8041959584199879,
    "rmse": 0.8967697354505157,
    "mae": 0.715898676830814,
    "mape": 2.6137771957250546,
    "r2": 0.2026072162896,
    "max_error": 4.191209101830951,
    "median_absolute_error": 0.6015195164071582
  },
  "best_params": {
    "alpha": 0.1,
    "selection": "random"
  }
}