{
  "train_metrics": {
    "mse": 0.4573755303037535,
    "rmse": 0.676295446017311,
    "mae": 0.5059993726658778,
    "mape": 3.4240342617296,
    "r2": 0.5422133778912261,
    "max_error": 3.870982433526546,
    "median_absolute_error": 0.3822059117347638
  },
  "val_metrics": {
    "mse": 0.4930324308785942,
    "rmse": 0.7021626812061391,
    "mae": 0.5312484205964387,
    "mape": 3.586141012837641,
    "r2": 0.5111384254029394,
    "max_error": 3.722706874499842,
    "median_absolute_error": 0.40678903886152795
  },
  "best_params": {
    "max_depth": 10,
    "min_samples_leaf": 2,
    "min_samples_split": 10,
    "n_estimators": 200
  }
}