feature_set,model,test_rmse,test_r2,test_mae,test_mape
3,gradient_boosting,0.692325710765879,0.5178341005430271,0.5237210010016633,3.393582779860877
