{
  "train_metrics": {
    "mse": 0.49074532309305513,
    "rmse": 0.7005321713476513,
    "mae": 0.5293189865862908,
    "mape": 3.5205718088087554,
    "r2": 0.5088135921367525,
    "max_error": 3.9941113364385386,
    "median_absolute_error": 0.4042765514260267
  },
  "val_metrics": {
    "mse": 0.4914845620445073,
    "rmse": 0.7010595994952977,
    "mae": 0.5312069719494928,
    "mape": 3.499355594169654,
    "r2": 0.5126731998885711,
    "max_error": 3.7186922851078745,
    "median_absolute_error": 0.4086629203872194
  },
  "best_params": {
    "learning_rate": 0.1,
    "max_depth": 3,
    "n_estimators": 50,
    "num_leaves": 31
  }
}